CC_TYPE,CC_CODE,CC_LIBELLE,CC_ABREGE,CC_LIBRE
FN5,AFF,AFFICHE,AFFICHE,
FN5,ANN,ANNEAUX,ANNEAUX,
FN5,ARR,ARROSOIR,ARROSOIR,
FN5,ATG,ANTIGLISS CINTRE,ANTIGLISS CINTRE,
FN5,BAC,BANC,BANC,
FN5,BAG,BAGUE,BAGUE,
FN5,BAN,BANDANA,BANDANA,
FN5,BAR,BARRE,BARRE,
FN5,BAT,BOULE A THE,BOULE A THE,
FN5,BER,BERMUDA,BERMUDA,
FN5,BGG,BAGUIER,BAGUIER,
FN5,BGI,BOUGIE,BOUGIE,
FN5,BLJ,BLOUSON JEAN,BLOUSON JEAN,
FN5,BLO,BLOUSE,BLOUSE,
FN5,BLS,BLOUSON,BLOUSON,
FN5,BNC,BANC,BANC,
FN5,BNN,BONBONNE,BONBONNE,
FN5,BOI,BOITE,BOITE,
FN5,BOL,BOL,BOL,
FN5,BON,BONNET,BONNET,
FN5,BOR,BOUCLES D'OREILLES,BOUCLES D'OREILLE,
FN5,BOT,BOUTEILLE,BOUTEILLE,
FN5,BOU,BOUGEOIR,BOUGEOIR,
FN5,BRA,BRACELET,BRACELET,
FN5,BRC,BROCHE,BROCHE,
FN5,BRO,BROSSE,BROSSE,
FN5,BSK,BASKETS,BASKETS,
FN5,BTE,BOTTES,BOTTES,
FN5,BTI,BOTTINES,BOTTINES,
FN5,BUR,TABLE,TABLE,
FN5,CAB,CABAN,CABAN,
FN5,CAD,CADRE,CADRE,
FN5,CAI,CAISSE,CAISSE,
FN5,CAL,CALENDRIER,CALENDRIER,
FN5,CAP,CAPE,CAPE,
FN5,CAR,CARTE POSTALE,CARTE POSTALE,
FN5,CAS,CAISSON,CAISSON,
FN5,CAV,CARTE DE VISITE,CARTE DE VISITE,
FN5,CBP,COMBIPANTALON,COMBIPANTALON,
FN5,CBS,COMBISHORT,COMBISHORT,
FN5,CDR,CADRE,CADRE,
FN5,CEC,CEINTURE CUIR,CEINTURE CUIR,
FN5,CEN,CEINTRE,CEINTRE,
FN5,CET,CEINTURE TOILE,CEINTURE TOILE,
FN5,CHA,CHAPEAU,CHAPEAU,
FN5,CHE,CHEMISE,CHEMISE,
FN5,CHS,CHAUSSETTES,CHAUSSETTES,
FN5,CIN,CINTRES,CINTRES,
FN5,CIS,CISEAUX,CISEAUX,
FN5,CLT,COLLANT,COLLANT,
FN5,COL,COLLIER,COLLIER,
FN5,COR,CORAIL,CORAIL,
FN5,COU,COUPE PAPIER,COUPE PAPIER,
FN5,CPI,CHAUSSE - PIED,CHAUSSE - PIED,
FN5,CRE,CREME SAC,CREME SAC,
FN5,CRP,CARTE POSTALE,CARTE POSTALE,
FN5,CUL,CULOTTE,CULOTTE,
FN5,DEC,DECAPSULEUR,DECAPSULEUR,
FN5,DER,DERBIES,DERBIES,
FN5,DIF,DIFFUSEUR,DIFFUSEUR,
FN5,DOU,DOUDOUNE,DOUDOUNE,
FN5,ECH,ECHARPE,ECHARPE,
FN5,EDI,EDITO,EDITO,
FN5,ESB,ESCABEAU,ESCABEAU,
FN5,ESC,ESCARPINS,ESCARPINS,
FN5,ETI,ETIQUETEUSE,ETIQUETEUSE,
FN5,FIC,FICHU,FICHU,
FN5,FJG,FINE JAUGE,FINE JAUGE,
FN5,FOU,FOULARD,FOULARD,
FN5,FUR,FOURRURE,FOURRURE,
FN5,GAN,GANT,GANT,
FN5,GJG,GROSSE JAUGE,GROSSE JAUGE,
FN5,GRI,GRIFFE,GRIFFE,
FN5,HAN,HANGTAG,HANGTAG,
FN5,HOO,HOODY,HOODY,
FN5,HOU,HOUSSE,HOUSSE,
FN5,JBO,JEAN BOYFRIEND,JEAN BOYFRIEND,
FN5,JDR,JEAN DROIT,JEAN DROIT,
FN5,JOG,JOGGING,JOGGING,
FN5,JPE,JEAN PATTE ELEPHANT,JEAN PATTE ELEPHA,
FN5,JSL,JEAN SLIM,JEAN SLIM,
FN5,JUP,JUPE,JUPE,
FN5,LAM,LAMPE,LAMPE,
FN5,LEG,LEGGING,LEGGING,
FN5,LIV,LIVRE,LIVRE,
FN5,LOO,LOOKBOOK,LOOKBOOK,
FN5,LUN,LUNETTES,LUNETTES,
FN5,MAI,MAILLE,MAILLE,
FN5,MAN,MANTEAU,MANTEAU,
FN5,MAS,MASQUE,MASQUE,
FN5,MDB,MAILLOT DE BAIN,MAILLOT DE BAIN,
FN5,MJG,MOYENNE JAUGE,MOYENNE JAUGE,
FN5,MOC,MOCASSINS,MOCASSINS,
FN5,NAP,NAPPERON,NAPPERON,
FN5,OUV,OUVRE LETTRES,OUVRE LETTRES,
FN5,PAA,PAREO,PAREO,
FN5,PAN,PANTALON,PANTALON,
FN5,PAR,PARKA,PARKA,
FN5,PAS,PASTILLE,PASTILLE,
FN5,PCH,PINCE A CHEVEUX,PINCE A CHEVEUX,
FN5,PCM,POCHETTE CADEAU MOYENNE,POCHETTE CADEAU M,
FN5,PCO,PORTE COURRIER,PORTE COURRIER,
FN5,PCP,POCHETTE CADEAU PETITE,POCHETTE CADEAU P,
FN5,PEN,PENDENTIF,PENDENTIF,
FN5,PFJ,PULL FINE JAUGE,PULL FINE JAUGE,
FN5,PHO,PHOTO,PHOTO,
FN5,PLC,POLYBAG CARTON,POLYBAG CARTON,
FN5,PLR,POLYBAG ROULEAUX,POLYBAG ROULEAUX,
FN5,PMA,PETITE MARO,PETITE MARO,
FN5,PNR,PANIER,PANIER,
FN5,POB,POCHON BIJOUX,POCHON BIJOUX,
FN5,POC,POCHETTE,POCHETTE,
FN5,POK,POCHETTE KRAFT,POCHETTE KRAFT,
FN5,PON,PORTE NOTES,PORTE NOTES,
FN5,POR,PORTANT,PORTANT,
FN5,POS,POSTER,POSTER,
FN5,POT,POT POURRI,POT POURRI,
FN5,PPR,PAPIER,PAPIER,
FN5,PPS,PAPIER DE SOIE,PAPIER DE SOIE,
FN5,PSY,PORTE STYLO,PORTE STYLO,
FN5,RCE,RECHARGE ETIQUTETEUSE,RECHARGE ETIQUTET,
FN5,RCT,ROBE CHAINE & TRAME,ROBE CHAINE & TRA,
FN5,RCU,ROBE CUIR,ROBE CUIR,
FN5,RDF,RECHARGE DIFFUSEUR,RECHARGE DIFFUSEU,
FN5,REM,REMBOURSEMENT,REMBOURSEMENT,
FN5,RJE,ROBE JERSEY,ROBE JERSEY,
FN5,RTR,ROBE TRICOT,ROBE TRICOT,
FN5,RUB,RUBAN,RUBAN,
FN5,SAB,SABOT,SABOT,
FN5,SAC,SAC,SAC,
FN5,SAL,SALOPETTE,SALOPETTE,
FN5,SAN,SANDALES,SANDALES,
FN5,SAU,SAUTOIR,SAUTOIR,
FN5,SER,SERRE LIVRES,SERRE LIVRES,
FN5,SET,SET BUREAU,SET BUREAU,
FN5,SGF,SHOPPING BAG GF,SHOPPING BAG GF,
FN5,SHO,SHORT,SHORT,
FN5,SMF,SHOPPING BAG MF,SHOPPING BAG MF,
FN5,SPF,SHOPPING BAG PF,SHOPPING BAG PF,
FN5,SPM,SHOPPING BAG MONOGRAME,SHOPPING BAG MONO,
FN5,STE,STELLE,STELLE,
FN5,STI,STICKER,STICKER,
FN5,STM,STEAMER,STEAMER,
FN5,STO,STOCKMANN,STOCKMANN,
FN5,SUR,SURF,SURF,
FN5,SWE,SWEAT,SWEAT,
FN5,TAB,TABOURET,TABOURET,
FN5,TAP,TAPIS,TAPIS,
FN5,TBL,TABLEAU,TABLEAU,
FN5,THE,THEIERE,THEIERE,
FN5,TOP,TOP,TOP,
FN5,TOT,TOTE BAG,TOTE BAG,
FN5,TPE,TPE,TPE,
FN5,TRA,TRAINING BOOK,TRAINING BOOK,
FN5,TRE,TRENCH,TRENCH,
FN5,TSC,TSHIRT MANCHES COURTES,TSHIRT MANCHES CO,
FN5,TSH,TSHIRT MANCHES LONGUES,TSHIRT MANCHES LO,
FN5,TSM,TSHIRT SANS MANCHE,TSHIRT SANS MANCH,
FN5,UND,UNDERWEAR,UNDERWEAR,
FN5,VAS,VASE,VASE,
FN5,VCA,VESTE CASUAL,VESTE CASUAL,
FN5,VER,VERRE,VERRE,
FN5,VFO,VESTE FORMAL,VESTE FORMAL,
FN5,VOL,ANTIVOL,ANTIVOL,